{
	"partitions" : [
		{
			"name" : "Top",
			"pins" : [
				{
					"name" : "ready",
					"strict" : false
				},
				{
					"name" : "overflow",
					"strict" : false
				},
				{
					"name" : "state[0]",
					"strict" : false
				},
				{
					"name" : "state[1]",
					"strict" : false
				},
				{
					"name" : "state[2]",
					"strict" : false
				},
				{
					"name" : "op_code_o[0]",
					"strict" : false
				},
				{
					"name" : "op_code_o[1]",
					"strict" : false
				},
				{
					"name" : "op_code_o[2]",
					"strict" : false
				},
				{
					"name" : "clk",
					"strict" : false
				},
				{
					"name" : "rst",
					"strict" : false
				},
				{
					"name" : "start",
					"strict" : false
				}
			]
		}
	]
}